[ {
  "description" : "test",
  "tags" : [ ],
  "remind" : null,
  "start" : {
    "epoch" : 1573791120
  },
  "end" : null
}, {
  "description" : "Rori’s Birthday",
  "tags" : [ "Rori", "Birthday" ],
  "remind" : {
    "epoch" : 1566100800
  },
  "start" : {
    "epoch" : 1566115200
  },
  "end" : {
    "epoch" : 1566129600
  }
}, {
  "description" : "Rori’s Birthday",
  "tags" : [ "Rori", "Birthday" ],
  "remind" : null,
  "start" : {
    "epoch" : 1573804800
  },
  "end" : {
    "epoch" : 1573819200
  }
}, {
  "description" : "Rori’s Birthday",
  "tags" : [ "Rori", "Birthday" ],
  "remind" : null,
  "start" : {
    "epoch" : 1573804800
  },
  "end" : {
    "epoch" : 1573992000
  }
}, {
  "description" : "Rori’s Birthday",
  "tags" : [ "Rori", "Birthday" ],
  "remind" : null,
  "start" : {
    "epoch" : 1573804800
  },
  "end" : {
    "epoch" : 253398283200
  }
}, {
  "description" : "Attend CS1234 Tutorial",
  "tags" : [ "TAG..." ],
  "remind" : null,
  "start" : {
    "epoch" : 1573801200
  },
  "end" : null
}, {
  "description" : "Attend CS1234 Tutorial",
  "tags" : [ "Prof ABC" ],
  "remind" : null,
  "start" : {
    "epoch" : 1573801200
  },
  "end" : null
}, {
  "description" : "Attend CS1234 Tutorial",
  "tags" : [ ],
  "remind" : null,
  "start" : {
    "epoch" : 1573801200
  },
  "end" : {
    "epoch" : 253398265200
  }
} ]